{
    "data": [
        {
            "c": null,
            "p": 34851.9,
            "s": "BINANCE:BTCUSDT",
            "t": 1699351036478,
            "v": 0.00014
        },
        {
            "c": null,
            "p": 34851.89,
            "s": "BINANCE:BTCUSDT",
            "t": 1699351036955,
            "v": 0.01
        },
        {
            "c": null,
            "p": 34851.89,
            "s": "BINANCE:BTCUSDT",
            "t": 1699351037011,
            "v": 0.00029
        }
    ],
    "type": "trade"
}
